Angular,Linear,Correlação
4.642973605885202,-13.839324977538721,0.9971079198347109
3.3402498022667912,-9.527144282590372,0.9977104462576647
