Temperaturas,Incertezas
560.9887229057509,20.788875089125767
762.9524911995779,26.97099325235209
914.8100671507542,32.57009547546067
1107.183233975736,42.47916308586109
1221.135533391303,51.428085413123284
1439.7320710267632,124.07115196588272
1529.0514704561524,136.17811429254598
